"Number","User","Date Submitted","Country","Source URL","Device","Browser","OS","Hotjar User ID","What is stopping you from making a booking?","Tags for: What is stopping you from making a booking?"
"135","21db6ae8","2023-10-03 10:17:29","Spain","https://be.synxis.com/?_ga=2.66004718.1766285670.1696316947-1798097185.1696316946&adult=2,2,2&arrive=2023-12-01&chain=21615&child=0,0,0&childages=,,&currency=SGD&depart=2023-12-03&hotel=76624&level=hotel&locale=en-US&rooms=3","desktop","Edge 117.0.2045","Windows 10","21db6ae8-0bcc-5bf2-8a76-53306ffd34db","waiting for better deals",""
"134","17da354c","2023-10-03 00:07:21","Singapore","https://be.synxis.com/?_ga=2.155586619.1234274374.1696291462-1502628877.1696291462&adult=2&arrive=2023-10-10&chain=21615&child=0&currency=SGD&depart=2023-10-11&hotel=76624&level=hotel&locale=en-US&rooms=1","desktop","Firefox 117.0","Windows 10","17da354c-4cc4-5816-a5e2-43f0d2ebf309","I would like to make a daycation from 10am to 10pm, how should I do it?",""
"133","b28bb951","2023-09-29 14:52:17","Malaysia","https://be.synxis.com/?_ga=2.153931448.16889441.1695999057-2090909087.1695999057&adult=2&arrive=2023-10-10&chain=21615&child=0&currency=SGD&depart=2023-10-13&hotel=76624&level=hotel&locale=en-US&rooms=1","desktop","Chrome 117.0.0","Windows 10","b28bb951-233c-5711-a218-a69618d3835d","disocunt",""
"132","cae7b8d4","2023-09-29 09:40:05","Malaysia","https://be.synxis.com/?_ga=2.167073214.1090276842.1695967289-757531352.1695967289&_gl=1*6hfmse*_ga*NzU3NTMxMzUyLjE2OTU5NjcyODk.*_ga_17FEFTYEYR*MTY5NTk3ODUwNS4yLjAuMTY5NTk3ODUwNS4wLjAuMA..*_ga_KHJQN8MFLN*MTY5NTk3ODUwNS4yLjAuMTY5NTk3ODUwNS4wLjAuMA..&adult=2&arrive=2023-10-12&chain=21615&child=0&currency=SGD&depart=2023-10-15&hotel=76624&level=hotel&locale=en-US&rooms=1&utm_campaign=members-login&utm_medium=link&utm_source=top-nav-menu","desktop","Edge 117.0.2045","Windows 10","cae7b8d4-0d1e-5711-9474-d14e452321e1","want to book two rooms",""
"131","c68e50d6","2023-09-29 08:56:32","Singapore","https://be.synxis.com/?adult=2&arrive=2023-11-11&chain=21615&child=0&currency=SGD&depart=2023-11-12&filter=META&gclid=CJKa2ai4z4EDFQfZhAAd-PsA7A&gclsrc=ds&hotel=76624&level=chain&locale=en-US&rate=ADV30B,ADV30,BFRRO,BFRB&rooms=1&utm_campaign=MetaI/O&utm_content=SG&utm_medium=FBL&utm_source=GoogleHPA&wh_token=605a53f5-4b14-40ea-9ed4-21efc19fe92f-208663-294723","desktop","Chrome 117.0.0","Windows 10","c68e50d6-dd6d-5681-b108-a99b7fb9fa81","pet allowed",""
"130","36131efd","2023-09-27 02:46:04","Afghanistan","https://be.synxis.com/?adult=2&arrive=2023-09-30&chain=21615&child=0&currency=SGD&depart=2023-10-01&hotel=76624&level=chain&locale=en-US&rooms=1","desktop","Safari 16.5","Mac OS X 10.15.7","36131efd-e56b-5774-b7ef-9fd44a3c3d1d","Am I allowed to choose between king size bed or 2 twin beds?",""
"129","c860d56d","2023-09-24 07:54:08","India","https://be.synxis.com/?_ga=2.37159584.1866084054.1695541869-416822354.1695541869&adult=2&arrive=2023-10-18&chain=21615&child=2&childages=|&currency=SGD&depart=2023-10-23&hotel=76624&level=hotel&locale=en-US&rooms=1","desktop","Chrome 117.0.0","Windows 10","c860d56d-a9d2-5b63-953a-0184e98444d3","Hi",""
"128","d9f63b4c","2023-09-20 05:56:10","Singapore","https://be.synxis.com/?_ga=2.123018635.1078897785.1695185484-1082206461.1695185484&adult=2&arrive=2023-11-12&chain=21615&child=0&currency=SGD&depart=2023-11-13&hotel=76624&level=hotel&locale=en-US&rooms=1","desktop","Edge 117.0.2045","Windows 10","d9f63b4c-d6d6-577c-a6ad-a60b769eecff","PRICE",""
"127","b027fe0f","2023-09-18 09:10:23","Singapore","https://be.synxis.com/?adult=2&arrive=2023-12-23&chain=21615&child=0&config=meta&currency=SGD&depart=2023-12-25&filter=META&hotel=76624&level=hotel&locale=en-US&rooms=1&src=goog_organic&start=availresults&utm_campaign=google-hpa-76624&utm_content=localuniversal_23-12-2023_2_76624_SG_desktop_selected___organic&utm_medium=channel_connect&utm_source=google-hpa","desktop","Edge 114.0.1823","Windows 10","b027fe0f-aca8-52cb-97e4-fd6757275881","are all rooms pet friendly",""
"126","0a6c27b8","2023-09-17 08:49:34","Singapore","https://be.synxis.com/?_ga=2.108871691.802134147.1694939381-1522278114.1694939381&_gl=1*1cye12r*_ga*MTUyMjI3ODExNC4xNjk0OTM5Mzgx*_ga_17FEFTYEYR*MTY5NDkzOTM4MS4xLjEuMTY5NDk0MDE3NS4wLjAuMA..*_ga_KHJQN8MFLN*MTY5NDkzOTM4MS4xLjEuMTY5NDk0MDE3NS4wLjAuMA..&adult=1&arrive=2023-09-17&chain=21615&child=0&currency=SGD&depart=2023-09-18&hotel=76624&level=chain&locale=en-US&rooms=1","desktop","Edge 116.0.1938","Windows 10","0a6c27b8-0412-5a22-a62e-983d06cd9f6d","can't book from 29th Dec to 1st January 2024",""
"125","8567fece","2023-09-16 08:25:33","Singapore","https://be.synxis.com/addons?_ga=2.209293458.1011199617.1694850869-782063749.1694850869&_gl=1*tz10ft*_ga*NzgyMDYzNzQ5LjE2OTQ4NTA4Njk.*_ga_17FEFTYEYR*MTY5NDg1MDg4OC4xLjEuMTY5NDg1MTU1OC4wLjAuMA..*_ga_KHJQN8MFLN*MTY5NDg1MDg2OC4xLjEuMTY5NDg1MTU1OC4wLjAuMA..&adult=1&arrive=2023-09-22&chain=21615&child=0&currency=SGD&depart=2023-09-23&hotel=76624&level=hotel&locale=en-US&promo=PROPW2&rooms=1&sbe_rc=YWUzMDgwYzctOGQ0Ni00ZDA5LTllMTItOTkzY2Y3M2MyM2Vl","desktop","Chrome 117.0.0","Windows 10","8567fece-0449-5ae0-a91a-b895b98ff9a5","I can't click through without selecting 'Pampered Meow 2.0'",""
"124","61e40edf","2023-09-15 06:10:25","Singapore","https://be.synxis.com/?_ga=2.183978276.320057464.1694754372-1790238858.1694754372&_gl=1*4lfibw*_ga*MTc5MDIzODg1OC4xNjk0NzU0Mzcy*_ga_17FEFTYEYR*MTY5NDc1NDM3MS4xLjEuMTY5NDc1NDM5MS4wLjAuMA..*_ga_KHJQN8MFLN*MTY5NDc1NDM3MS4xLjEuMTY5NDc1NDM5MS4wLjAuMA..&adult=1&arrive=2023-09-22&chain=21615&child=0&currency=SGD&depart=2023-09-24&hotel=76624&level=hotel&locale=en-US&rooms=1","desktop","Chrome 116.0.0","Windows 10","61e40edf-d9ba-5d84-9b7e-3044757e28e3","Hi there, are there specific rooms for booking if I bring my dog in to stay at the hotel?",""
"123","56845c6f","2023-09-14 05:48:35","Singapore","https://be.synxis.com/?_ga=2.174960546.1400303970.1694667278-2074563672.1693978436&_gl=1*coqzh2*_ga*MjA3NDU2MzY3Mi4xNjkzOTc4NDM2*_ga_KHJQN8MFLN*MTY5NDY2NzI3Ny4yLjEuMTY5NDY2NzI4NC4wLjAuMA..*_ga_17FEFTYEYR*MTY5NDY2NzI3OC4yLjEuMTY5NDY2NzI4NC4wLjAuMA..&adult=1&arrive=2023-12-13&chain=21615&child=0&currency=SGD&depart=2023-12-15&hotel=76624&level=hotel&locale=en-US&rooms=1","desktop","Edge 116.0.1938","Windows 10","56845c6f-747e-5428-a357-4f47d9199b74","price",""
"122","45c07e12","2023-09-13 11:01:12","India","https://be.synxis.com/?_ga=2.55138274.891291933.1694602359-1171465675.1694602359&adult=4&arrive=2023-09-25&chain=21615&child=0&currency=SGD&depart=2023-09-27&hotel=76624&level=hotel&locale=en-US&rooms=1","desktop","Chrome 116.0.0","Windows 10","45c07e12-ca88-538c-9ffd-92a2326dcf2c","Extremely unsatisfactory and pathetic customer service on-call. The person working the desk could not provide any proper info when I called the given number for enquiry.",""
"121","7e882840","2023-09-13 10:29:35","India","https://be.synxis.com/?_ga=2.268334094.147665119.1694600712-2101755592.1694600712&adult=4&arrive=2023-09-25&chain=21615&child=0&currency=SGD&depart=2023-09-27&hotel=76624&level=hotel&locale=en-US&rooms=1","desktop","Chrome 116.0.0","Windows 10","7e882840-8799-536d-a550-f70cafb95c2e","want top speak with resort support team before I book.",""
"120","e6a689ec","2023-09-11 08:06:18","Singapore","https://be.synxis.com/?_ga=2.175446242.1530330759.1694419465-1367943932.1694419464&adult=2&arrive=2023-09-23&chain=21615&child=0&currency=SGD&depart=2023-09-24&hotel=76624&level=hotel&locale=en-US&rooms=1","desktop","Chrome 116.0.0","Windows 10","e6a689ec-aa43-516d-81bc-7e78705d0ad7","Day use",""
"119","be8d8e20","2023-09-10 13:19:08","Singapore","https://be.synxis.com/?adult=2&arrive=2023-10-06&chain=21615&child=0&currency=SGD&depart=2023-10-07&filter=META&gclid=Cj0KCQjw0vWnBhC6ARIsAJpJM6f6uU6X1z4pYAtNgVV0Csf2Pg8CSMIFK4aerJekL0XaubSueFwj5jgaAvZZEALw_wcB&gclsrc=ds&hotel=76624&level=chain&locale=en-US&rate=ADV14B,ADV14,BFRRO,BFRB&rooms=1&utm_campaign=MetaI/O&utm_content=SG&utm_medium=LocalUniversal&utm_source=GoogleHPA&wh_token=4e9a42c1-6f59-47ef-a357-1186ff409d67-208663-294723","desktop","Safari 14.1.2","Mac OS X 10.15.7","be8d8e20-f641-5d02-8a79-1d7a000f086a","Your price is inconsistent",""
"118","24f36563","2023-09-10 11:05:04","Australia","https://be.synxis.com/?_ga=2.18259321.1110353239.1694343697-1617197492.1694343697&adult=2&arrive=2023-10-06&chain=21615&child=1&currency=AUD&depart=2023-10-10&hotel=76624&level=chain&locale=en-US&rooms=1","desktop","Chrome 116.0.0","Windows 10","24f36563-93a6-5d56-b318-cdf697365d35","i want a family style room for 3, our child is 10 years old.",""
"117","7c309c27","2023-09-08 08:40:59","Singapore","https://be.synxis.com/?_ga=2.123592651.1190208814.1694162161-1888168823.1694162161&adult=2&arrive=2023-12-15&chain=21615&child=0&currency=SGD&depart=2023-12-17&hotel=76624&level=hotel&locale=en-US&rooms=1","desktop","Chrome 116.0.0","Windows 10","7c309c27-1214-5a6c-94b3-85f7fb18e3e1","price",""
"116","f36410b7","2023-09-08 07:45:46","Australia","https://be.synxis.com/?adult=2&arrive=2024-07-02&chain=21615&child=0&currency=AUD&depart=2024-07-06&filter=META&gclid=CjwKCAjwjOunBhB4EiwA94JWsDFDe53AzhmFQBSmNIPily2AfvJWAGiklbAxQmLTQDc9GI82ZWUZaBoCObYQAvD_BwE&gclsrc=ds&hotel=76624&level=chain&locale=en-US&rate=ADV30,BFRRO,BFRB,ADV30B&rooms=1&utm_campaign=MetaI/O&utm_content=AU&utm_medium=LocalUniversal&utm_source=GoogleHPA&wh_token=4f523d22-c307-4eaa-aecc-2dbc66ef36cd-208663-294723","desktop","Chrome 116.0.0","Mac OS X 10.15.7","f36410b7-6b76-578c-8b42-42290f6f8091","free cancellation",""
"115","30d69000","2023-09-07 05:19:22","Singapore","https://be.synxis.com/?activityid&adult=1&arrive=2023-09-07&chain=21615&child=0&childages=&children=0&config=lead&currency=SGD&depart=2023-09-08&error&errorCode&hotel=76624&level=hotel&locale=en-US&redirectOnError&rooms=1&sbe_ic&sbe_ri=0","desktop","Chrome 112.0.0","Mac OS X 10.15.7","30d69000-423d-52a4-8fc8-6e4a46588386","how to reset password",""
"114","8ec3d63d","2023-09-06 03:19:35","Singapore","https://be.synxis.com/?_ga=2.39616228.697540227.1693968509-1813488209.1693968508&_gl=1*vc2pl8*_ga*MTgxMzQ4ODIwOS4xNjkzOTY4NTA4*_ga_17FEFTYEYR*MTY5Mzk2ODUwOC4xLjEuMTY5Mzk2ODUzOS4wLjAuMA..*_ga_KHJQN8MFLN*MTY5Mzk2ODUwOC4xLjEuMTY5Mzk2ODUzOS4wLjAuMA..&adult=2&arrive=2023-09-23&chain=21615&child=1&childages=6&currency=SGD&depart=2023-09-24&hotel=76624&level=chain&locale=en-US&rooms=1","desktop","Chrome 116.0.0","Windows 10","8ec3d63d-f772-5965-8936-0911abbe97bf","Am looking at other options.",""
"113","00000000","2023-09-06 01:44:25","Singapore","https://be.synxis.com/?adult=1&arrive=2023-09-06&chain=21615&child=0&currency=SGD&depart=2023-09-07&hotel=76624&level=hotel&locale=en-US&promo=CORMOE&rooms=1","desktop","Chrome 114.0.0","Windows 10","00000000-0000-0000-0000-000000000000","the date that I want is unavailable",""
"112","02a767d7","2023-09-05 11:32:58","South Korea","https://be.synxis.com/?_ga=2.249766720.710938739.1693895019-1498229863.1693895019&adult=1&arrive=2023-10-05&chain=21615&child=0&currency=SGD&depart=2023-10-06&hotel=76624&level=hotel&locale=en-US&rooms=1","desktop","Chrome 116.0.0","Windows 10","02a767d7-5f62-5440-99a7-244d221b10ae","Room Charge is expensive.",""
"111","53a9288d","2023-09-05 02:47:12","Singapore","https://be.synxis.com/checkout?_ga=2.241445318.592144241.1693880630-1546293387.1693880630&_gl=1*1rqnu02*_ga*MTU0NjI5MzM4Ny4xNjkzODgwNjMw*_ga_KHJQN8MFLN*MTY5Mzg4MDYyOS4xLjEuMTY5Mzg4MTgwNy4wLjAuMA..*_ga_17FEFTYEYR*MTY5Mzg4MDYyOS4xLjEuMTY5Mzg4MTgwNy4wLjAuMA..&adult=1&arrive=2023-11-13&chain=21615&child=0&currency=SGD&depart=2023-11-14&hotel=76624&level=hotel&locale=en-US&promo=PROPW2&rooms=1&sbe_rc=MTgwZmY4YmMtZjRjMy00N2JkLWJkMTYtNjY0M2Q3YmRiZDcy","desktop","Edge 116.0.1938","Windows 10","53a9288d-263f-59ea-9dbd-5d5567f5fc27","Any special discount for member's birthday?",""
"110","00000000","2023-09-02 02:56:53","Singapore","https://be.synxis.com/?_ga=2.172116387.1809672506.1693623103-2801386.1693623103&_gl=1*lxnmik*_ga*MjgwMTM4Ni4xNjkzNjIzMTAz*_ga_17FEFTYEYR*MTY5MzYyMzEwMy4xLjEuMTY5MzYyMzE0Ni4wLjAuMA..*_ga_KHJQN8MFLN*MTY5MzYyMzEwMy4xLjEuMTY5MzYyMzE0Ni4wLjAuMA..&adult=1&arrive=2023-09-10&chain=21615&child=0&currency=SGD&depart=2023-09-11&hotel=76624&level=hotel&locale=en-US&rooms=1&utm_campaign=members-login&utm_medium=link&utm_source=top-nav-menu","desktop","Chrome 116.0.0","Mac OS X 10.15.7","00000000-0000-0000-0000-000000000000","I need to bring my dog but I dont see any promo for that ?",""
"109","00000000","2023-09-01 17:16:42","United Kingdom","https://be.synxis.com/?_ga=2.26597117.1392478742.1693588456-1253422663.1693588454&adult=2&arrive=2023-09-09&chain=21615&child=0&currency=SGD&depart=2023-09-12&hotel=76624&level=hotel&locale=en-US&rooms=1","desktop","Chrome 116.0.0","Windows 10","00000000-0000-0000-0000-000000000000","high prices",""
"108","00000000","2023-08-31 08:00:23","Malaysia","https://be.synxis.com/?_ga=2.59471019.725186251.1693468583-1782341899.1693468583&_gl=1*1x8vv8p*_ga*MTc4MjM0MTg5OS4xNjkzNDY4NTgz*_ga_KHJQN8MFLN*MTY5MzQ2ODU4Mi4xLjEuMTY5MzQ2ODU5OS4wLjAuMA..*_ga_R038GNDBDS*MTY5MzQ2ODU5OS4xLjAuMTY5MzQ2ODU5OS4wLjAuMA..&adult=1&arrive=2023-09-01&chain=21615&child=0&currency=SGD&depart=2023-09-05&hotel=76624&level=chain&locale=en-US&rooms=1&utm_campaign=members-programme&utm_medium=website&utm_source=programme-landing-page","desktop","Edge 116.0.1938","Windows 10","00000000-0000-0000-0000-000000000000","the price is a bit more than we were looking for",""
"107","3f314311","2023-08-30 06:24:16","South Korea","https://be.synxis.com/?_ga=2.15792244.337756937.1693374582-748813915.1693374582&adult=2&arrive=2023-09-24&chain=21615&child=0&currency=SGD&depart=2023-09-25&hotel=76624&level=hotel&locale=en-US&rooms=1","desktop","Chrome 116.0.0","Windows 10","3f314311-0862-5508-95b6-84e12e000339","Price",""
"106","3a5ecc5e","2023-08-29 03:49:41","Singapore","https://be.synxis.com/?_ga=2.35454820.471586482.1693280864-1534095248.1693280864&adult=2&arrive=2023-09-15&chain=21615&child=0&currency=SGD&depart=2023-09-16&hotel=76624&level=hotel&locale=en-US&rooms=1","desktop","Chrome 116.0.0","Windows 10","3a5ecc5e-0dce-57ce-99b4-615a63ff7bc0","price",""
"105","36b2324d","2023-08-29 01:29:25","Singapore","https://be.synxis.com/?_ga=2.64017007.1977242036.1693272495-1242455958.1693272495&adult=1&arrive=2023-09-01&chain=21615&child=0&currency=SGD&depart=2023-09-02&hotel=76624&level=hotel&locale=en-US&rooms=1","desktop","Chrome 116.0.0","Windows 10","36b2324d-5508-5049-91ee-b214ecbe4d85","i have a pet",""
"104","51c667d8","2023-08-25 06:04:48","Singapore","https://be.synxis.com/?_ga=2.16163830.152832929.1692942192-443571535.1692680566&_gac&_gl=1*2f95oi*_ga*NDQzNTcxNTM1LjE2OTI2ODA1NjY.*_ga_17FEFTYEYR*MTY5Mjk0MjE5MS4zLjAuMTY5Mjk0MjE5MS4wLjAuMA..*_ga_KHJQN8MFLN*MTY5Mjk0MjE5MS4zLjAuMTY5Mjk0MjE5MS4wLjAuMA..&adult=1&arrive=2023-08-25&chain=21615&child=0&currency=SGD&depart=2023-08-26&hotel=76624&level=hotel&locale=en-US&promo=PROPW2&rooms=1","desktop","Chrome 115.0.0","Windows 10","51c667d8-4252-5d25-bd41-849ad8825b86","price",""
"103","7d92ccf9","2023-08-24 07:55:17","Singapore","https://be.synxis.com/?adult=2&arrive=2023-09-09&chain=21615&child=0&config=meta&currency=SGD&depart=2023-09-11&filter=META&hotel=76624&level=hotel&locale=en-US&rooms=1&src=goog_organic&start=availresults&utm_campaign=google-hpa-76624&utm_content=mapresults_16-09-2023_2_76624_SG_desktop_selected___organic&utm_medium=channel_connect&utm_source=google-hpa","desktop","Chrome 116.0.0","Windows 10","7d92ccf9-891c-50d9-9a66-4dff6beb8304","bathtub",""
"102","94f46d87","2023-08-23 02:04:40","Vietnam","https://be.synxis.com/?_ga=2.62850604.12208481.1692611489-437476142.1692611489&adult=1&arrive=2023-08-23&chain=21615&child=0&currency=SGD&depart=2023-08-24&hotel=76624&level=hotel&locale=en-US&rooms=1","desktop","Chrome 115.0.0","Windows 10","94f46d87-f871-5601-95e6-9125458d6a81","alo",""
"101","cbc7e2c5","2023-08-22 07:54:34","Singapore","https://be.synxis.com/?_ga=2.33262967.830701728.1692690517-222946420.1692690517&adult=2&arrive=2023-09-23&chain=21615&child=2&childages=|&currency=SGD&depart=2023-09-24&hotel=76624&level=hotel&locale=en-US&rooms=1","desktop","Chrome 116.0.0","Windows 10","cbc7e2c5-e958-59e7-8066-02101c8c557b","price",""
"100","47eea499","2023-08-22 07:21:20","Singapore","https://be.synxis.com/checkout?_ga=2.241247490.1281771283.1692685683-299467892.1692685683&_gac&_gl=1*1umh5rq*_ga*Mjk5NDY3ODkyLjE2OTI2ODU2ODM.*_ga_KHJQN8MFLN*MTY5MjY4NTY4Mi4xLjEuMTY5MjY4NzQ1Ni4wLjAuMA..*_ga_17FEFTYEYR*MTY5MjY4NTY4Mi4xLjEuMTY5MjY4NzQ1Ni4wLjAuMA..&adult=2&arrive=2023-09-26&chain=21615&child=1&childages=9&currency=SGD&depart=2023-09-29&hotel=76624&level=hotel&locale=en-US&rooms=1&sbe_rc=ODE1NDkxMmEtNzBkNy00Y2I0LTlhNmUtY2UyM2Q4NTdlM2Y4","desktop","Chrome 115.0.0","Windows 10","47eea499-627d-5490-b8c8-2af5a2f85888","Not sure if you would have a bed to sleep 2 adults and a separate bed for 1 child 9 years old. We do not want the child to share the same bed with parents. Thanks",""
"99","7d11b1a5","2023-08-19 09:50:47","India","https://be.synxis.com/?_ga=2.257919757.724648145.1692438588-762104053.1692438588&adult=1&arrive=2023-09-23&chain=21615&child=0&currency=SGD&depart=2023-09-25&hotel=76624&level=hotel&locale=en-US&rooms=1","desktop","Safari 15.6.1","Mac OS X 10.15.7","7d11b1a5-6269-599a-a073-465cd0522dcd","cost",""
"98","df28cff6","2023-08-17 12:45:52","Singapore","https://be.synxis.com/?adult=2&arrive=2023-08-20&chain=21615&child=0&config=meta&currency=SGD&depart=2023-08-22&filter=META&hotel=76624&level=hotel&locale=en-US&rooms=1&src=goog_organic&start=availresults&utm_campaign=google-hpa-76624&utm_content=mapresults_20-08-2023_2_76624_SG_desktop_selected___organic&utm_medium=channel_connect&utm_source=google-hpa","desktop","Chrome 116.0.0","Windows 10","df28cff6-707c-503c-b126-14cbc35ffe91","Still reviewing and whether there is a kitchen?",""
"97","fec7afa1","2023-08-17 07:36:57","Singapore","https://be.synxis.com/?_ga=2.243384257.559355265.1692257596-1906074538.1692257596&_gl=1*15s58ww*_ga*MTkwNjA3NDUzOC4xNjkyMjU3NTk2*_ga_17FEFTYEYR*MTY5MjI1NzU5Ny4xLjAuMTY5MjI1NzU5Ny4wLjAuMA..*_ga_KHJQN8MFLN*MTY5MjI1NzU5Ni4xLjAuMTY5MjI1NzU5Ni4wLjAuMA..&adult=1&arrive=2023-11-18&chain=21615&child=0&currency=SGD&depart=2023-11-19&hotel=76624&level=hotel&locale=en-US&promo=PROPW2&rooms=1","desktop","Chrome 115.0.0","Windows 10","fec7afa1-1f0e-5640-9fd1-fc0e19b36914","price! is there any discount code?",""
"96","e5651e10","2023-08-15 14:12:38","Singapore","https://be.synxis.com/?_ga=2.172928867.1780838300.1692108443-262777066.1691895246&_gl=1*1sh1mt4*_ga*MjYyNzc3MDY2LjE2OTE4OTUyNDY.*_ga_KHJQN8MFLN*MTY5MjEwODQ0My4zLjEuMTY5MjEwODY3Ny4wLjAuMA..*_ga_17FEFTYEYR*MTY5MjEwODQ0My4zLjEuMTY5MjEwODY3Ny4wLjAuMA..&adult=2&arrive=2023-08-15&chain=21615&child=0&currency=SGD&depart=2023-08-16&hotel=76624&level=hotel&locale=en-US&promo=PROPW2&rooms=1","desktop","Safari 16.6","Mac OS X 10.15.7","e5651e10-1bb9-5a42-8e61-19378bda4e75","too expensive. I need a promo code",""
"95","d6ffe4c9","2023-08-15 02:22:19","Singapore","https://be.synxis.com/?adult=2&arrive=2023-08-26&chain=21615&child=0&currency=SGD&depart=2023-08-27&hotel=76624&level=chain&locale=en-US&rooms=1","desktop","Chrome 115.0.0","Mac OS X 10.15.7","d6ffe4c9-46ac-5657-87ed-508a028a008f","Hi, I would like to ask if the Couple Suite with Pool access is pet-friendly?",""
"94","22cffc76","2023-08-14 12:07:58","Singapore","https://be.synxis.com/?_ga=2.179209252.1604937024.1691929121-1826308889.1691153726&adult=2&arrive=2023-12-18&chain=21615&child=0&currency=SGD&depart=2023-12-20&hotel=76624&level=hotel&locale=en-US&rooms=1","desktop","Chrome 115.0.0","Windows 10","22cffc76-2ff6-54ae-bfbc-ddb2dd005e0f","trying to find package for staycation with spa for couples",""
"93","ecc699fc","2023-08-14 06:12:36","Singapore","https://be.synxis.com/checkout?_ga=2.163505210.706280925.1691993004-607979119.1691993004&_gl=1*lvk19b*_ga*NjA3OTc5MTE5LjE2OTE5OTMwMDQ.*_ga_17FEFTYEYR*MTY5MTk5MzAwNC4xLjEuMTY5MTk5MzA1MS4wLjAuMA..*_ga_KHJQN8MFLN*MTY5MTk5MzAwNC4xLjEuMTY5MTk5MzA1MS4wLjAuMA..&adult=1&arrive=2023-12-22&chain=21615&child=0&currency=SGD&depart=2023-12-23&hotel=76624&level=hotel&locale=en-US&promo=PROPW2&rooms=1&sbe_rc=NWI1NGJjOGUtMmE4ZS00ODQ3LTljNDMtNDFjMDEwYzdmNDI2","desktop","Chrome 115.0.0","Mac OS X 10.15.7","ecc699fc-5c2c-55a6-9520-51b549519507","Hi, I am considering to make a reservation for my friend as a gift. So for the contact info - Am I supposed to key in my friend's details or my details? Also will there be credit card reservation upon guest check-in, as I would be the one paying for the booking.",""
"92","24aad239","2023-08-08 03:50:06","Singapore","https://be.synxis.com/?_ga=2.24650042.1468809243.1691466463-330822799.1691466463&_gac&_gl=1*6yfi6n*_ga*MzMwODIyNzk5LjE2OTE0NjY0NjM.*_ga_17FEFTYEYR*MTY5MTQ2NjQ2My4xLjEuMTY5MTQ2NjUyMS4wLjAuMA..*_ga_KHJQN8MFLN*MTY5MTQ2NjQ2My4xLjEuMTY5MTQ2NjUyMS4wLjAuMA..&adult=1&arrive=2023-08-29&chain=21615&child=0&currency=SGD&depart=2023-08-30&hotel=76624&level=hotel&locale=en-US&rooms=1","desktop","Safari 16.5.2","Mac OS X 10.15.7","24aad239-2a4a-5e26-855f-b32618e08a9b","is parking available?",""
"91","cd1c57ea","2023-08-07 10:11:46","Australia","https://be.synxis.com/checkout?_ga=2.22725881.370531654.1691402071-917798529.1691402071&adult=2&arrive=2023-09-17&chain=21615&child=0&currency=SGD&depart=2023-09-19&hotel=76624&level=hotel&locale=en-US&rooms=1&sbe_rc=YWI4YzM1NWQtZjdhMS00YTE1LTg3MzAtZGUwYjJiNDcwMTE3","desktop","Chrome 115.0.0","Windows 10","cd1c57ea-2926-552c-8659-6f1dbaa07ce6","Cost",""
"90","6d3a9c33","2023-08-04 01:54:02","New Zealand","https://be.synxis.com/?_ga=2.10358258.652057688.1691114041-1507638542.1690933802&_gac&_gl=1*924v9k*_ga*MTUwNzYzODU0Mi4xNjkwOTMzODAy*_ga_17FEFTYEYR*MTY5MTExNDA0MC4yLjAuMTY5MTExNDA0MC4wLjAuMA..*_ga_KHJQN8MFLN*MTY5MTExNDA0MC40LjAuMTY5MTExNDA0MC4wLjAuMA..&adult=3&arrive=2023-08-27&chain=21615&child=0&currency=SGD&depart=2023-08-31&hotel=76624&level=hotel&locale=en-US&rooms=1","desktop","Chrome 115.0.0","Windows 10","6d3a9c33-bc16-5759-90dd-49eae84220bb","site does not allow me to enter check out date",""
"89","fcb79def","2023-07-31 12:46:13","Australia","https://be.synxis.com/?_ga=2.264960073.773543391.1690807154-251092404.1690807153&_gl=1*1ayjrxd*_ga*MjUxMDkyNDA0LjE2OTA4MDcxNTM.*_ga_17FEFTYEYR*MTY5MDgwNzE1My4xLjEuMTY5MDgwNzMyMi4wLjAuMA..*_ga_KHJQN8MFLN*MTY5MDgwNzE1Mi4xLjEuMTY5MDgwNzMyMi4wLjAuMA..&adult=1&arrive=2023-12-11&chain=21615&child=0&currency=AUD&depart=2023-12-14&hotel=76624&level=hotel&locale=en-US&rooms=1","desktop","Firefox 115.0","Windows 10","fcb79def-9818-5244-8877-d69d845b2405","there is nothing about accessibility, eg stairs to the pool/dining areas. Is the pool accessible to someone with bad knees etc. we can't climb a ladder.",""
"88","bd6012e8","2023-07-31 08:49:30","Singapore","https://be.synxis.com/?adult=2&arrive=2023-09-22&chain=21615&child=1&childages=10&config=meta&currency=SGD&depart=2023-09-24&filter=META&hotel=76624&level=hotel&locale=en-US&rooms=1&src=goog_organic&start=availresults&utm_campaign=google-hpa-76624&utm_content=localuniversal_22-09-2023_2_76624_SG_desktop_selected___organic&utm_medium=channel_connect&utm_source=google-hpa","desktop","Chrome 115.0.0","Windows 10","bd6012e8-059d-5259-92a5-bd63f27eca02","comparing price",""
"87","fa69785b","2023-07-27 13:59:51","Singapore","https://be.synxis.com/?_ga=2.131552076.25300120.1690464111-810628918.1690464109&adult=1&arrive=2023-08-10&chain=21615&child=0&currency=SGD&depart=2023-08-11&hotel=76624&level=hotel&locale=en-US&rooms=1","desktop","Chrome 114.0.0","Windows 10","fa69785b-e735-5a75-848f-ca1fe624964a","looking for day use",""
"86","f736e6a5","2023-07-26 03:14:47","Hong Kong","https://be.synxis.com/?_ga=2.265320975.1897083671.1690336190-996448705.1690336190&adult=2&arrive=2023-07-28&chain=21615&child=1&currency=SGD&depart=2023-07-31&hotel=76624&level=hotel&locale=en-US&rooms=1","desktop","Chrome 114.0.0","Windows 10","f736e6a5-e8fa-52aa-b9cc-1dfb9aa88f4a","i need one bedroom villa, seems like dont have",""
"85","c6123abb","2023-07-26 02:42:32","Singapore","https://be.synxis.com/?_ga=2.243947597.931719857.1690337010-340899799.1690337010&_gl=1*1c9324k*_ga*MzQwODk5Nzk5LjE2OTAzMzcwMTA.*_ga_17FEFTYEYR*MTY5MDMzNzAxNC4xLjAuMTY5MDMzNzAxNC4wLjAuMA..*_ga_KHJQN8MFLN*MTY5MDMzNzAxNC4xLjAuMTY5MDMzNzAxNC4wLjAuMA..&adult=1&arrive=2023-07-26&chain=21615&child=0&currency=SGD&depart=2023-07-27&hotel=76624&level=hotel&locale=en-US&rooms=1","desktop","Chrome 114.0.0","Windows 10","c6123abb-b049-57b2-ab80-326f2f3a851a","does it come with complimentary parking",""
"84","280822f9","2023-07-25 08:41:54","Singapore","https://be.synxis.com/?_ga=2.149567218.55933892.1690274405-121381618.1690274403&adult=2&arrive=2023-10-21&chain=21615&child=0&currency=SGD&depart=2023-10-22&hotel=76624&level=hotel&locale=en-US&rooms=1","desktop","Chrome 115.0.0","Windows 10","280822f9-4456-50e8-9321-785cb12ca1aa","dog friendly room",""
"83","0fee5583","2023-07-24 10:44:37","Singapore","https://be.synxis.com/?_ga=2.268242570.506304605.1690190953-216993651.1690190953&adult=2,2,2&arrive=2023-11-14&chain=21615&child=1,0,0&childages=,,&currency=SGD&depart=2023-11-18&hotel=76624&level=hotel&locale=en-US&rooms=3","desktop","Chrome 114.0.0","Mac OS X 10.15.7","0fee5583-7516-57a1-9549-5da7a0f5e8c4","Hi, I am looking to book few rooms, do you have any offer with discounted price and free cancellation?",""
"82","d12313a2","2023-07-23 03:48:15","Australia","https://be.synxis.com/sign-up?activityid&adult=1&arrive=2023-07-23&chain=21615&child=0&childages=&children=0&config=lead+days&currency=SGD&depart=2023-07-24&error&errorCode&hotel=76624&level=hotel&locale=en-US&redirectOnError&rooms=1&sbe_ic&sbe_ri=0&token=30303132317e6d4a2f35576268373358422b387935306e4d6538423641743262645176574e4b556b58516a2f33374237774c6c326959344a5a4b5578786556467a616659674c6d7174624d7849484f592f43695845743370596c2b44724139462b794430373651674a33724853366c664854533242463758674d623648724577463258464b50506b6270344a7252764d456e74743545312f79683158454b444d68573449396b4552636670783854566669726b70676378654846746631514e6434656f516c50","desktop","Edge 114.0.1823","Windows 10","d12313a2-6aa5-5888-98d8-8d1d42da8496","I cant sign into the member program",""
"81","be52a649","2023-07-22 14:24:06","India","https://be.synxis.com/?_ga=2.91813786.1493297771.1690026344-392192601.1690026344&adult=2&arrive=2023-11-01&chain=21615&child=1&childages=11&currency=INR&depart=2023-11-06&hotel=76624&level=hotel&locale=en-US&rooms=1","desktop","Edge 114.0.1823","Windows 10","be52a649-ceb4-561b-9881-65ebecefc878","The price is too high and far from city",""
"80","45c5c968","2023-07-21 07:25:50","Australia","https://be.synxis.com/?adult=5&arrive=2024-02-29&chain=21615&child=0&config=meta&currency=AUD&depart=2024-03-02&filter=META&hotel=76624&level=hotel&locale=en-US&rooms=1&src=goog_organic&start=availresults&utm_campaign=google-hpa-76624&utm_content=localuniversal_29-02-2024_2_76624_AU_desktop_selected___organic&utm_medium=channel_connect&utm_source=google-hpa","desktop","Chrome 114.0.0","Windows 10","45c5c968-d18a-5ae4-bb59-bd8393b021cb","5 people one bed hello",""
"79","a22f268e","2023-07-15 06:46:39","Singapore","https://be.synxis.com/?adult=2&arrive=2023-08-26&chain=21615&child=0&currency=SGD&depart=2023-08-27&filter=META&gclid=CjwKCAjw5MOlBhBTEiwAAJ8e1gPHbdmg6zdHr7jJHsUJB7ydUU_xEp_awJmknZ0x6PyTy3Gs_Paf2RoCKhEQAvD_BwE&gclsrc=ds&hotel=76624&level=chain&locale=en-US&rate=ADV30,BFRRO&rooms=1&utm_campaign=MetaI/O&utm_content=SG&utm_medium=LocalUniversal&utm_source=GoogleHPA&wh_token=050d6688-6f60-4bc7-bfd9-1d51fe607b62-208663-332844","desktop","Safari 13.0.4","Mac OS X 10.15.2","a22f268e-3588-57de-bf29-8fa944ac7be3","Price",""
"78","d035cd19","2023-07-14 18:57:48","Singapore","https://be.synxis.com/?_ga=2.134323698.2059657773.1689360136-1043096285.1689252470&adult=2&arrive=2023-08-08&chain=21615&child=0&currency=SGD&depart=2023-08-10&hotel=76624&level=hotel&locale=en-US&promo=EDM&rooms=1","desktop","Chrome 114.0.0","Windows 10","d035cd19-e5ca-51e6-9334-24c47f49aeaf","How do I use the Special offer code from MOE",""
"77","1e5d334a","2023-07-14 16:53:05","United States","https://be.synxis.com/?_ga=2.106807491.1988690857.1689353011-227513832.1689353011&adult=1,2&arrive=2023-12-27&chain=21615&child=0,0&childages=,&currency=SGD&depart=2023-12-31&hotel=76624&level=hotel&locale=en-US&rooms=2","desktop","Chrome 114.0.0","Windows 10","1e5d334a-54ac-5125-bae6-024b5b2c826a","i dont' want to be a member",""
"76","b2837b28","2023-07-14 02:10:46","Singapore","https://be.synxis.com/?_ga=2.245591748.1128560196.1689300454-1932871261.1689300453&adult=2&arrive=2023-09-01&chain=21615&child=2&childages=|&currency=SGD&depart=2023-09-03&hotel=76624&level=hotel&locale=en-US&rooms=1","desktop","Chrome 110.0.0","Windows 10","b2837b28-300a-5ee2-8bc1-544468d4ce8c","booking using corporates rate",""
"75","b9df808e","2023-07-13 06:51:17","Singapore","https://be.synxis.com/?_ga=2.141157234.1745046634.1689230017-1861016402.1689230016&adult=3&arrive=2023-08-09&chain=21615&child=0&currency=SGD&depart=2023-08-10&hotel=76624&level=hotel&locale=en-US&rooms=1","desktop","Chrome 114.0.0","Windows 10","b9df808e-7d7f-5d3f-8542-655bad1e3092","I am to know whether I can bring my dog in",""
"74","def3612d","2023-07-13 06:29:40","United States","https://be.synxis.com/?adult=1&arrive=2023-07-13&chain=21615&child=0&currency=SGD&depart=2023-07-14&hotel=76624&level=chain&locale=en-US&rooms=1","desktop","Chrome 114.0.0","Mac OS X 10.15.7","def3612d-1b88-5854-9de9-b85675ccb99d","waiting for email reply",""
"73","ea710d9f","2023-07-13 04:44:31","Singapore","https://be.synxis.com/?_ga=2.263815756.1303261661.1689222780-2010405793.1689222780&adult=2&arrive=2023-09-02&chain=21615&child=0&currency=SGD&depart=2023-09-03&hotel=76624&level=hotel&locale=en-US&rooms=1","desktop","Chrome 114.0.0","Windows 10","ea710d9f-535f-5c3c-9f09-7ab04bba2b42","expensive",""
"72","580984ec","2023-07-12 10:54:19","Singapore","https://be.synxis.com/?_ga=2.202320210.2104877107.1689159116-2027528763.1689159116&adult=1&arrive=2023-07-29&chain=21615&child=0&currency=SGD&depart=2023-07-30&hotel=76624&level=hotel&locale=en-US&rooms=1","desktop","Edge 114.0.1823","Windows 10","580984ec-73a6-52da-b592-35ebaee1626e","Price",""
"71","6bc62f27","2023-07-12 07:02:58","Singapore","https://be.synxis.com/?_ga=2.174301093.661902017.1689145293-1596935690.1689145293&_gl=1*1d1lx3*_ga*MTU5NjkzNTY5MC4xNjg5MTQ1Mjkz*_ga_17FEFTYEYR*MTY4OTE0NTI5Mi4xLjEuMTY4OTE0NTMwMi4wLjAuMA..*_ga_KHJQN8MFLN*MTY4OTE0NTI5Mi4xLjEuMTY4OTE0NTMwMi4wLjAuMA..&adult=1&arrive=2023-07-12&chain=21615&child=0&currency=SGD&depart=2023-07-13&hotel=76624&level=chain&locale=en-US&rooms=1","desktop","Safari 16.5","Mac OS X 10.15.7","6bc62f27-eb5e-5655-99f5-b1606bf2496c","price",""
"70","86686e2e","2023-07-11 04:44:18","Singapore","https://be.synxis.com/?adult=1&arrive=2023-07-11&chain=21615&child=0&currency=SGD&depart=2023-07-12&hotel=76624&level=chain&locale=en-US&rooms=1","desktop","Edge 114.0.1823","Windows 10","86686e2e-9b26-5620-9869-c38531225b2f","Rates high",""
"69","b2432b35","2023-07-10 09:34:44","Singapore","https://be.synxis.com/?_ga=2.3344240.1581219747.1688981578-1215749076.1688981578&adult=2&arrive=2023-07-15&chain=21615&child=0&currency=SGD&depart=2023-07-16&hotel=76624&level=hotel&locale=en-US&rooms=1","desktop","Chrome 114.0.0","Windows 10","b2432b35-0e61-5e0d-887b-23f608b3aee1","Expensive",""
"68","cdb7ac67","2023-07-07 04:55:36","Singapore","https://be.synxis.com/?_ga=2.50456746.226938069.1688651464-1364486464.1688651464&adult=1&arrive=2023-07-18&chain=21615&child=0&currency=SGD&depart=2023-07-20&hotel=76624&level=hotel&locale=en-US&rooms=1","desktop","Chrome 114.0.0","Mac OS X 10.15.7","cdb7ac67-fb96-5a16-b461-9085df95ba54","hi i would iike to book a room with a pet, what room should i choose

pet is a shiba inu, 10kg",""
"67","f9347b70","2023-07-06 09:35:13","Singapore","https://be.synxis.com/?_ga=2.122200450.866050812.1688635635-1426227968.1688635635&adult=1&arrive=2023-07-22&chain=21615&child=0&currency=SGD&depart=2023-07-23&hotel=76624&level=hotel&locale=en-US&rooms=1","desktop","Chrome 114.0.0","Windows 10","f9347b70-607d-5f64-b6ab-5911788aed96","special offer for family with kids",""
"66","236022e2","2023-07-06 06:14:17","Singapore","https://be.synxis.com/?_ga=2.19268728.1722918727.1688614206-699669102.1688614206&adult=2&arrive=2023-11-02&chain=21615&child=0&currency=SGD&depart=2023-11-04&hotel=76624&level=hotel&locale=en-US&rooms=1","desktop","Chrome 114.0.0","Windows 10","236022e2-4084-5752-a9e9-f8058f6004cc","how many sofa are there at Family Suite?",""
"65","5054d3c7","2023-07-06 04:05:22","Thailand","https://be.synxis.com/?_ga=2.154013693.478611163.1688615380-1050011658.1688615379&adult=3&arrive=2023-07-11&chain=21615&child=1&currency=SGD&depart=2023-07-14&hotel=76624&level=hotel&locale=en-US&rooms=1","desktop","Chrome 114.0.0","Windows 10","5054d3c7-dfbf-547a-8868-f82dcbec2af6","Price",""
"64","fe1b65e8","2023-07-04 03:46:47","Australia","https://be.synxis.com/?adult=2&arrive=2023-09-19&chain=21615&child=0&currency=AUD&depart=2023-09-23&hotel=76624&level=chain&locale=en-US&rooms=1","desktop","Chrome 114.0.0","Windows 10","fe1b65e8-c183-5397-b3e0-9667e09b9a1b","Waiting on response to an email that I can maintain the same room across 2 bookings",""
"63","6a4d625b","2023-07-02 07:43:41","New Zealand","https://be.synxis.com/?_ga=2.240138570.851227925.1688283632-1219395924.1676972247&adult=2&arrive=2023-09-12&chain=21615&child=2&childages=|&currency=SGD&depart=2023-09-15&hotel=76624&level=hotel&locale=en-US&rooms=1","desktop","Chrome 114.0.0","Windows 10","6a4d625b-0709-5e4b-9905-38146fee534e","I am looking for 1 bedroom, 2 adults and 2 13 year old children - twins",""
"62","b005dbfd","2023-06-30 08:09:46","Singapore","https://be.synxis.com/addons?_ga=2.151424057.1640131791.1688111880-1824574753.1688111880&adult=2&arrive=2023-07-28&chain=21615&child=0&currency=SGD&depart=2023-07-29&hotel=76624&level=hotel&locale=en-US&rooms=1&sbe_rc=MWNhMzM2NjYtNDVmYy00YjhkLTg3YzEtYjY5NWUyMTc5NjUw","desktop","Edge 114.0.1823","Windows 10","b005dbfd-97c3-5cb4-a65a-9fc51c2a87c3","where is the promo for romantic escapade? cant seem to find it",""
"61","51461b1d","2023-06-27 11:39:24","United Kingdom","https://be.synxis.com/?_ga=2.82910495.869832194.1687725901-96465892.1686831767&adult=2&arrive=2023-07-20&chain=21615&child=1&childages=5&currency=GBP&depart=2023-07-23&hotel=76624&level=hotel&locale=en-US&rooms=1","desktop","Chrome 112.0.0","Mac OS X 10.15.7","51461b1d-3aab-57f7-a986-afd4fd787e07","lack of options for a childs bed in the room, we need a bed, not a cot",""
"60","08a69c8a","2023-06-23 04:03:52","New Zealand","https://be.synxis.com/?adult=2&arrive=2023-09-14&chain=21615&child=0&config=meta&currency=NZD&depart=2023-09-18&filter=META&hotel=76624&level=hotel&locale=en-US&rooms=1&src=goog_organic&start=availresults&utm_campaign=google-hpa-76624&utm_content=mapresults_14-09-2023_4_76624_NZ_desktop_selected___organic&utm_medium=channel_connect&utm_source=google-hpa","desktop","Chrome 114.0.0","Windows 10","08a69c8a-a924-5cde-abd4-5503e7f79af7","signing up",""
"59","4e47edc2","2023-06-17 19:44:04","Czechia","https://be.synxis.com/?_ga=2.258877450.108084515.1681956618-81738794.1677551521&_gl=1*ihcmd2*_ga*ODE3Mzg3OTQuMTY3NzU1MTUyMQ..*_ga_KHJQN8MFLN*MTY4MTk1NjYxNy45MC4wLjE2ODE5NTY2MTcuMC4wLjA.*_ga_9M0H4JQ8VZ*MTY4MTk1NjYxNy4yMC4wLjE2ODE5NTY2MTcuMC4wLjA.&adult=2&arrive=2023-07-13&chain=21615&child=0&currency=SGD&depart=2023-07-17&hotel=76624&level=chain&locale=en-US&rooms=1&utm_campaign=members-welcome-email&utm_medium=email&utm_source=newsletter","desktop","Safari 14.1.1","Mac OS X 10.15.7","4e47edc2-1722-55c2-94e1-6d0922d02b54","how much are taxes and charges on top of the rate?
and breakfast?",""
"58","ccbd767e","2023-06-16 10:07:58","Singapore","https://be.synxis.com/?_ga=2.215648023.1069586714.1686909741-640940439.1686909741&adult=2&arrive=2023-07-02&chain=21615&child=0&currency=SGD&depart=2023-07-04&hotel=76624&level=hotel&locale=en-US&rooms=1","desktop","Chrome 113.0.0","Mac OS X 10.15.7","ccbd767e-3667-5381-a97f-b2dc7b838a07","expensive",""
"57","3f98eb99","2023-06-15 03:03:07","Singapore","https://be.synxis.com/?_ga=2.94281501.1230827047.1686795656-1820832376.1686795656&adult=1&arrive=2023-11-18&chain=21615&child=0&currency=SGD&depart=2023-11-19&hotel=76624&level=hotel&locale=en-US&rooms=1","desktop","Chrome 114.0.0","Mac OS X 10.15.7","3f98eb99-d126-5292-b953-3dc815e2504e","Wondering if corporate rates is cheaper than member rates",""
"56","9e5f05cc","2023-06-14 04:20:48","United States","https://be.synxis.com/?_ga=2.8413109.1077121282.1686715165-766520263.1686715165&adult=1,2&arrive=2023-07-19&chain=21615&child=1,1&childages=,&currency=SGD&depart=2023-07-23&hotel=76624&level=hotel&locale=en-US&rooms=2","desktop","Chrome 113.0.0","Windows 10","9e5f05cc-c5c5-5df3-b72d-6ee5ba15a96f","i need to rooms but they dont have options",""
"55","653769ea","2023-06-13 12:37:06","United Kingdom","https://be.synxis.com/?adult=2&arrive=2023-08-06&chain=21615&child=0&currency=GBP&depart=2023-08-10&filter=META&gclid=EAIaIQobChMIz6GbiqDA_wIVj6hoCR1r0woIEAoYASAAEgIakvD_BwE&gclsrc=ds&hotel=76624&level=chain&locale=en-US&rate=ADV30,BFRRO,PROLIM&rooms=1&utm_campaign=MetaI/O&utm_content=GB&utm_medium=LocalUniversal&utm_source=GoogleHPA&wh_token=05e53c8b-14df-43d2-bb53-d3b80d86e3a1-208663-332844","desktop","Chrome 114.0.0","Windows 10","653769ea-3de8-51e3-8a95-9b6a308c79a5","price",""
"54","ccf4f183","2023-06-13 05:33:38","South Korea","https://be.synxis.com/?adult=2&arrive=2023-08-09&chain=21615&child=0&config=meta&currency=KRW&depart=2023-08-13&filter=META&hotel=76624&level=hotel&locale=en-US&rooms=1&src=goog_organic&start=availresults&utm_campaign=google-hpa-76624&utm_content=localuniversal_09-08-2023_4_76624_KR_desktop_selected___organic&utm_medium=channel_connect&utm_source=google-hpa","desktop","Chrome 114.0.0","Windows 10","ccf4f183-44df-5e7f-8517-5c02a64982ef","is there connecting room?",""
"53","e505c1e0","2023-06-12 13:39:02","Singapore","https://be.synxis.com/reservation-list?_ga=2.39737507.1292947491.1686577081-2024811653.1686577081&_gl=1*uoz5ww*_ga*MjAyNDgxMTY1My4xNjg2NTc3MDgx*_ga_17FEFTYEYR*MTY4NjU3NzA4MS4xLjAuMTY4NjU3NzA4MS4wLjAuMA..*_ga_KHJQN8MFLN*MTY4NjU3NzA4MS4xLjAuMTY4NjU3NzA4MS4wLjAuMA..&adult=1&arrive=2023-06-12&chain=21615&child=0&currency=SGD&depart=2023-06-13&hotel=76624&level=hotel&locale=en-US&rooms=1&utm_campaign=members-login&utm_medium=link&utm_source=top-nav-menu","desktop","Chrome 112.0.0","Windows 10","e505c1e0-be9e-5e43-8e17-1856d9bdbb6c","price increase",""
"52","276788a0","2023-06-12 08:41:00","India","https://be.synxis.com/?_ga=2.191246563.815823923.1686549950-1786026109.1686549950&adult=2&arrive=2023-07-13&chain=21615&child=1&currency=SGD&depart=2023-07-17&hotel=76624&level=hotel&locale=en-US&rooms=1","desktop","Chrome 114.0.0","Windows 10","276788a0-6bc6-5752-9c30-3ac0103d32d8","Hi",""
"51","1e4dcc41","2023-06-11 11:12:11","Singapore","https://be.synxis.com/?_ga=2.188644320.977819591.1686481008-317867786.1686481008&adult=2&arrive=2023-06-24&chain=21615&child=0&currency=SGD&depart=2023-06-26&hotel=76624&level=hotel&locale=en-US&rooms=1","desktop","Chrome 114.0.0","Windows 10","1e4dcc41-26e0-539e-9459-e11c564ef927","is rabbit allow?",""
"50","b624bee9","2023-06-09 08:19:26","Taiwan","https://be.synxis.com/?_ga=2.28986687.280728040.1686298601-850514200.1686298601&adult=2&arrive=2023-12-28&chain=21615&child=2&childages=|&currency=SGD&depart=2023-12-30&hotel=76624&level=hotel&locale=en-US&rooms=1","desktop","Chrome 114.0.0","Windows 10","b624bee9-f43f-5354-8c75-0af7ffd3aa54","I'm finding special codes",""
"49","af58c679","2023-06-08 02:50:57","Singapore","https://be.synxis.com/?_ga=2.70571088.1756872595.1686192400-1470014154.1686020014&_gl=1*778aeb*_ga*MTQ3MDAxNDE1NC4xNjg2MDIwMDE0*_ga_KHJQN8MFLN*MTY4NjE5MjM5OS4yLjEuMTY4NjE5MjQxNi4wLjAuMA..*_ga_9M0H4JQ8VZ*MTY4NjE5MjQxNi4xLjAuMTY4NjE5MjQxNi4wLjAuMA..&adult=1&arrive=2023-06-15&chain=21615&child=0&currency=SGD&depart=2023-06-17&hotel=76624&level=chain&locale=en-US&rooms=1&utm_campaign=members-programme&utm_medium=website&utm_source=programme-landing-page","desktop","Edge 114.0.1823","Windows 10","af58c679-4f80-5cfd-9e34-d03f1703d40e","breakfast",""
"48","52dd0423","2023-06-05 04:18:37","United States","https://be.synxis.com/checkout?_ga=2.258972874.1157232965.1685935797-1542374278.1685935797&adult=2&arrive=2023-09-19&chain=21615&child=0&currency=SGD&depart=2023-09-22&hotel=76624&level=hotel&locale=en-US&rooms=1&sbe_rc=MWE5YWJhZDItYmI0Ny00NGJhLTkzMmMtMTVlMGE0MmY1MmZm","desktop","Chrome 112.0.0","Mac OS X 10.15.7","52dd0423-a24c-5973-a34e-9fb03b43578a","Cancel Policy
Non Refundable and Non Cancellation.",""
"47","c1d09194","2023-06-05 03:45:16","South Korea","https://be.synxis.com/?_ga=2.16569330.517976409.1685933714-1306607679.1685933714&_gl=1*76l1as*_ga*MTMwNjYwNzY3OS4xNjg1OTMzNzE0*_ga_KHJQN8MFLN*MTY4NTkzMzcxMy4xLjAuMTY4NTkzMzcxMy4wLjAuMA..*_ga_17FEFTYEYR*MTY4NTkzMzcxNC4xLjAuMTY4NTkzMzcxNC4wLjAuMA..&adult=2&arrive=2023-07-07&chain=21615&child=0&currency=SGD&depart=2023-07-09&hotel=76624&level=hotel&locale=en-US&rooms=1&sbe_rc=YjVmNzRmODctNmU3My00NTRkLTkxZDAtMjM4ZTY1ZDMyODk5","desktop","Chrome 113.0.0","Windows 10","c1d09194-d734-591a-a29a-a63943c4b64f","Hi there",""
"46","d3a18206","2023-06-03 15:29:00","Singapore","https://be.synxis.com/?_ga=2.147804724.2094957250.1685718382-1602382989.1685718382&adult=2,2&arrive=2024-02-10&chain=21615&child=1,0&childages=,&currency=SGD&depart=2024-02-12&hotel=76624&level=hotel&locale=en-US&rooms=2","desktop","Chrome 113.0.0","Windows 10","d3a18206-622f-5334-a3d7-4f99c1222993","hi",""
"45","17454bae","2023-06-01 14:43:51","Singapore","https://be.synxis.com/?_ga=2.254164168.1110492105.1685630481-1971184570.1685630481&adult=1&arrive=2023-06-01&chain=21615&child=0&currency=SGD&depart=2023-06-02&hotel=76624&level=hotel&locale=en-US&rooms=1","desktop","Chrome 113.0.0","Windows 10","17454bae-9798-5da1-a79c-410002a2e04a","my wallet",""
"44","f4d35c9a","2023-06-01 08:49:46","Japan","https://be.synxis.com/?adult=2&arrive=2023-06-11&chain=21615&child=0&currency=JPY&depart=2023-06-12&filter=META&gclid=CPGokoLYof8CFYe0vAodQzwDkA&gclsrc=ds&hotel=76624&level=chain&locale=en-US&rate=BFRRO&rooms=1&utm_campaign=MetaI/O&utm_content=JP&utm_medium=FBL&utm_source=GoogleHPA&wh_token=858f2970-e517-47c8-9365-db6c605e477a-208663-332844","desktop","Chrome 113.0.0","Windows 10","f4d35c9a-706f-5fef-86a3-2684b7339960","Capacity 4 ?",""
"43","52e98b5a","2023-06-01 06:52:02","Singapore","https://be.synxis.com/?_ga=2.10385141.1970147444.1685602150-1692798071.1685602150&_gl=1*1e30kkf*_ga*MTY5Mjc5ODA3MS4xNjg1NjAyMTUw*_ga_17FEFTYEYR*MTY4NTYwMjE1MC4xLjEuMTY4NTYwMjI0Mi4wLjAuMA..*_ga_KHJQN8MFLN*MTY4NTYwMjE1MC4xLjEuMTY4NTYwMjI0Mi4wLjAuMA..&adult=1&arrive=2023-06-01&chain=21615&child=0&currency=SGD&depart=2023-06-02&hotel=76624&level=hotel&locale=en-US&promo=PROWKD&rooms=1","desktop","Chrome 113.0.0","Windows 10","52e98b5a-ed33-54f6-9e07-17a716942402","want to book 1 night but cannot",""
"42","3a722b5d","2023-05-31 20:04:47","Nepal","https://be.synxis.com/?_ga=2.233507806.1707602208.1685563331-981857144.1685563331&adult=2&arrive=2023-06-06&chain=21615&child=2&childages=|&currency=SGD&depart=2023-06-07&hotel=76624&level=hotel&locale=en-US&rooms=1","desktop","Safari 15.3","Mac OS X 10.15.7","3a722b5d-1b4b-5cd1-9ad9-88bf4b638d4b","is there a room with a 1 and a half bathroom?",""
"41","f18997fb","2023-05-31 05:56:09","Singapore","https://be.synxis.com/?_ga=2.234740125.249044421.1685502789-547209393.1685502789&adult=1,1&arrive=2023-06-29&chain=21615&child=1,1&childages=,&currency=SGD&depart=2023-07-02&hotel=76624&level=hotel&locale=en-US&rooms=2","desktop","Chrome 113.0.0","Windows 10","f18997fb-17e7-53ed-be0b-17a6b7cddc18","this fucking dialog box asshole",""
"40","56e5d6e9","2023-05-29 08:08:06","Singapore","https://be.synxis.com/?adult=2&arrive=2023-06-09&chain=21615&child=0&currency=SGD&depart=2023-06-10&filter=META&gclid=CNO25o6Jmv8CFQvmjgodiFUOVw&gclsrc=ds&hotel=76624&level=chain&locale=en-US&rate=PROLIM,BFRRO&rooms=1&utm_campaign=MetaI/O&utm_content=SG&utm_medium=FBL&utm_source=GoogleHPA&wh_token=6cfc91a3-bb8a-4034-bedb-a269947e4455-208663-332844","desktop","Edge 113.0.1774","Windows 10","56e5d6e9-8bcb-5429-b902-a7df46e37bb3","expensive!!!",""
"39","c8e61544","2023-05-22 07:00:27","Singapore","https://be.synxis.com/?_ga=2.16838905.1399946380.1684727866-1246932877.1684727865&adult=2&arrive=2023-06-17&chain=21615&child=0&currency=SGD&depart=2023-06-18&hotel=76624&level=hotel&locale=en-US&rooms=1","desktop","Chrome 113.0.0","Windows 10","c8e61544-6deb-565c-a48d-d813e8c43046","can i see the private pool?",""
"38","31e91143","2023-05-21 07:21:04","Philippines","https://be.synxis.com/?_ga=2.208431250.1402593500.1684645780-1370547972.1684645780&_gl=1*11tj2nw*_ga*MTM3MDU0Nzk3Mi4xNjg0NjQ1Nzgw*_ga_17FEFTYEYR*MTY4NDY0NTc4MC4xLjEuMTY4NDY0NTg0OC4wLjAuMA..*_ga_KHJQN8MFLN*MTY4NDY0NTc4MC4xLjEuMTY4NDY0NTg0OC4wLjAuMA..&adult=2&arrive=2023-05-30&chain=21615&child=0&currency=SGD&depart=2023-05-31&hotel=76624&level=chain&locale=en-US&rooms=1","desktop","Chrome 87.0.4280","Mac OS X 10.10.5","31e91143-4560-5bb1-9ffa-9d7c2a2e64e1","hi",""
"37","fb33d101","2023-05-20 05:28:44","Singapore","https://be.synxis.com/?_ga=2.181989156.2041109795.1684560053-1486080436.1684463711&_gac&_gl=1*17rykkv*_ga*MTQ4NjA4MDQzNi4xNjg0NDYzNzEx*_ga_KHJQN8MFLN*MTY4NDU2MDA1Mi4yLjEuMTY4NDU2MDA2NS4wLjAuMA..*_ga_9M0H4JQ8VZ*MTY4NDU2MDA2NS4xLjAuMTY4NDU2MDA2NS4wLjAuMA..&adult=3&arrive=2023-06-01&chain=21615&child=0&currency=SGD&depart=2023-06-03&hotel=76624&level=chain&locale=en-US&rooms=1&utm_campaign=members-programme&utm_medium=website&utm_source=programme-landing-page","desktop","Chrome 113.0.0","Windows 10","fb33d101-9f3b-5873-bd84-611c48009f3c","Which room to book if I have pet?",""
"36","f899021f","2023-05-19 02:53:34","Singapore","https://be.synxis.com/addons?_ga=2.240162758.495807835.1684464617-1574573281.1684464617&_gl=1*nvytwv*_ga*MTU3NDU3MzI4MS4xNjg0NDY0NjE3*_ga_KHJQN8MFLN*MTY4NDQ2NDYxNy4xLjAuMTY4NDQ2NDYxNy4wLjAuMA..*_ga_17FEFTYEYR*MTY4NDQ2NDYxNy4xLjAuMTY4NDQ2NDYxNy4wLjAuMA..&adult=1&arrive=2023-05-28&chain=21615&child=0&currency=SGD&depart=2023-05-29&hotel=76624&level=hotel&locale=en-US&promo=PROPW2&rooms=1&sbe_rc=NTY0OTNmNTAtNDcwMS00MmI3LTlkNTctZjM2OWU2MzNiMmZh","desktop","Safari 16.1","Mac OS X 10.15.7","f899021f-29d9-5e15-af79-d0f0faee2341","Can I swim with my dog?",""
"35","aec3616a","2023-05-18 04:53:56","Singapore","https://be.synxis.com/?_ga=2.155678459.1194496616.1684384872-2133147411.1684384872&adult=2&arrive=2023-06-15&chain=21615&child=9&childages=||||||||&currency=SGD&depart=2023-06-16&hotel=76624&level=hotel&locale=en-US&rooms=1","desktop","Chrome 113.0.0","Windows 10","aec3616a-84f1-5dde-a755-0fe3f5ee44b9","u are fully booked thru out",""
"34","8b5b6b22","2023-05-14 15:54:15","Australia","https://be.synxis.com/addons?_ga=2.139754933.761741963.1684079390-882332038.1684079390&adult=4&arrive=2023-11-20&chain=21615&child=0&currency=SGD&depart=2023-11-23&hotel=76624&level=hotel&locale=en-US&rooms=1&sbe_rc=MTMwNjNlYmQtZDVlNi00OTNlLWI4MmQtYmUzZjg3YjZiNjQ3","desktop","Chrome 113.0.0","Mac OS X 10.15.7","8b5b6b22-2f54-5b9c-83fe-23bd25709954","price",""
"33","3f4c6de2","2023-05-12 01:07:40","Singapore","https://be.synxis.com/?_ga=2.209876054.2575793.1683853524-185688952.1683539215&adult=1,1&arrive=2023-05-13&chain=21615&child=0,0&childages=,&currency=SGD&depart=2023-05-14&hotel=76624&level=hotel&locale=en-US&rooms=2","desktop","Chrome 113.0.0","Windows 10","3f4c6de2-8c99-5486-9c16-4fade3f52aa6","can i check is there still any room for booking",""
"32","f55ea56f","2023-05-11 16:09:49","Singapore","https://be.synxis.com/?_ga=2.9526066.667633323.1683819369-1306124202.1683819369&adult=2&arrive=2023-06-02&chain=21615&child=0&currency=SGD&depart=2023-06-04&hotel=76624&level=hotel&locale=en-US&rooms=1","desktop","Chrome 112.0.0","Mac OS X 10.15.7","f55ea56f-22fa-5c03-9980-ad88ffb5ca05","room type not available",""
"31","ea589f40","2023-05-09 06:06:47","Singapore","https://be.synxis.com/?adult=1&arrive=2023-06-11&chain=21615&child=0&currency=SGD&depart=2023-06-12&hotel=76624&level=hotel&locale=en-US&promo=VISA22&rooms=1","desktop","Chrome 112.0.0","Windows 10","ea589f40-ea2b-5219-8c7e-9244f338a71c","may you help me source the best promo code for the stay",""
"30","8103d193","2023-05-04 16:20:03","Singapore","https://be.synxis.com/?_ga=2.6359734.520411428.1683216823-818034391.1683216823&_gac&_gl=1*15e25k5*_ga*ODE4MDM0MzkxLjE2ODMyMTY4MjM.*_ga_KHJQN8MFLN*MTY4MzIxNjgyMi4xLjEuMTY4MzIxNjg5Ny4wLjAuMA..*_ga_17FEFTYEYR*MTY4MzIxNjgyMi4xLjEuMTY4MzIxNjg5Ny4wLjAuMA..&adult=1&arrive=2023-05-07&chain=21615&child=0&currency=SGD&depart=2023-05-08&hotel=76624&level=chain&locale=en-US&rooms=1","desktop","Edge 112.0.1722","Windows 10","8103d193-ba4e-57fb-b376-232a5f56c68d","can the one bedroom villa accommodate dog?",""
"29","c2873d70","2023-05-04 08:14:07","Singapore","https://be.synxis.com/?_ga=2.174447714.1992696612.1683187850-737208492.1683187850&adult=2&arrive=2023-05-27&chain=21615&child=0&currency=SGD&depart=2023-05-28&hotel=76624&level=hotel&locale=en-US&rooms=1","desktop","Chrome 112.0.0","Windows 10","c2873d70-a73d-57de-abd6-b6dc7d5de2a2","lack of money",""
"28","4150e7ca","2023-05-03 11:11:25","Singapore","https://be.synxis.com/?_ga=2.136025265.1073761061.1683077418-1827976060.1683077417&_gl=1*ix8k4m*_ga*MTgyNzk3NjA2MC4xNjgzMDc3NDE3*_ga_17FEFTYEYR*MTY4MzA3NzQxOS4xLjEuMTY4MzA3NzUwNy4wLjAuMA..*_ga_KHJQN8MFLN*MTY4MzA3NzQxNy4xLjEuMTY4MzA3NzUwNy4wLjAuMA..&adult=1&arrive=2023-08-25&chain=21615&child=2&childages=6|9&currency=SGD&depart=2023-08-26&hotel=76624&level=hotel&locale=en-US&rooms=1","desktop","Chrome 112.0.0","Windows 10","4150e7ca-f6e3-5dd7-b52b-1d90e4baaf00","hello, can check if this is for 2 pax only? what if I have additional child?",""
"27","8306809d","2023-05-01 03:08:54","Singapore","https://be.synxis.com/?_ga=2.104509635.2115717895.1682910262-763661813.1682910262&adult=2&arrive=2023-05-03&chain=21615&child=0&currency=SGD&depart=2023-05-04&hotel=76624&level=hotel&locale=en-US&rooms=1","desktop","Chrome 112.0.0","Mac OS X 10.15.7","8306809d-7ab8-5730-bceb-e5f3d0133040","Hello, can you do the Verandah Suite, Courtyard Suite and Couple Suite with pool access with 2 x twin beds instead of 1 x King Bed",""
"26","dcc5d8f4","2023-04-29 14:04:34","Singapore","https://be.synxis.com/?_ga=2.266970951.814244629.1682777012-1581985632.1682777011&_gl=1*1bpjwss*_ga*MTU4MTk4NTYzMi4xNjgyNzc3MDEx*_ga_17FEFTYEYR*MTY4Mjc3NzAxMS4xLjEuMTY4Mjc3NzAyNS4wLjAuMA..*_ga_KHJQN8MFLN*MTY4Mjc3NzAxMC4xLjEuMTY4Mjc3NzAyNS4wLjAuMA..&adult=1&arrive=2023-04-29&chain=21615&child=0&currency=SGD&depart=2023-04-30&hotel=76624&level=chain&locale=en-US&rooms=1","desktop","Chrome 112.0.0","Windows 10","dcc5d8f4-e74f-51b9-b72f-042c9ba69ee8","Day stay",""
"25","0ddc8358","2023-04-28 02:15:57","Singapore","https://be.synxis.com/?_ga=2.9329203.701492394.1682647548-841460488.1682647548&adult=2&arrive=2023-04-29&chain=21615&child=1&currency=SGD&depart=2023-04-30&hotel=76624&level=hotel&locale=en-US&rooms=1","desktop","Chrome 112.0.0","Windows 10","0ddc8358-042c-5fda-ae09-4f682e4874c1","Hi,",""
"24","eb4c60a3","2023-04-27 00:40:54","Singapore","https://be.synxis.com/?_ga=2.93374685.1341860967.1682480314-1177983706.1682480314&_gl=1*140dgyp*_ga*MTE3Nzk4MzcwNi4xNjgyNDgwMzE0*_ga_17FEFTYEYR*MTY4MjQ4ODAwMS4yLjEuMTY4MjQ4ODE4OS4wLjAuMA..*_ga_KHJQN8MFLN*MTY4MjQ4ODAxMS4yLjEuMTY4MjQ4ODE4OS4wLjAuMA..&adult=2,2&arrive=2023-07-25&chain=21615&child=0,0&childages=,&currency=SGD&depart=2023-07-26&hotel=76624&level=hotel&locale=en-US&rooms=2&sbe_pl=1,1&utm_campaign=members-login&utm_medium=link&utm_source=top-nav-menu","desktop","Chrome 110.0.0","Mac OS X 10.15.7","eb4c60a3-088a-53e2-98ba-8228357041ce","Hello I have already booked the rooms but haven't received any confirmation via email",""
"23","7eb281cc","2023-04-21 12:08:39","Singapore","https://be.synxis.com/?_ga=2.159504061.145560633.1682078815-741087572.1682078815&_gl=1*1ocj6pc*_ga*NzQxMDg3NTcyLjE2ODIwNzg4MTU.*_ga_17FEFTYEYR*MTY4MjA3ODgxNS4xLjEuMTY4MjA3ODg2MC4wLjAuMA..*_ga_KHJQN8MFLN*MTY4MjA3ODgxNS4xLjEuMTY4MjA3ODg2MC4wLjAuMA..&adult=1&arrive=2023-04-21&chain=21615&child=0&currency=SGD&depart=2023-04-22&hotel=76624&level=hotel&locale=en-US&promo=PROPW2&rooms=1","desktop","Chrome 112.0.0","Mac OS X 10.15.7","7eb281cc-ab5b-5570-8d18-520189da75f0","extra charge for 2 dogs",""
"22","f8000df0","2023-04-20 03:03:58","Australia","https://be.synxis.com/?_ga=2.49019045.245955284.1681959316-575953646.1681959316&adult=1,1&arrive=2023-06-26&chain=21615&child=0,0&childages=,&currency=SGD&depart=2023-06-27&hotel=76624&level=hotel&locale=en-US&rooms=2","desktop","Chrome 112.0.0","Windows 10","f8000df0-93f9-5f72-90b5-890175b6ff71","Can I please ask, what time do you serve the buffet breakfast?",""
"21","e7357fb8","2023-04-19 09:16:22","Portugal","https://be.synxis.com/?_ga=2.237792067.238728169.1681895755-879764317.1681895755&adult=1&arrive=2023-04-19&chain=21615&child=0&currency=SGD&depart=2023-04-20&hotel=76624&level=hotel&locale=en-US&rooms=1","desktop","Chrome 111.0.0","Windows 10","e7357fb8-0278-5aa5-bccc-7b45fa3b48df","Hello, do you offer discounts for monthly or two-month stays? I'm looking a t a villa to stay with my family for a while in Sentosa.",""
"20","57417a14","2023-04-18 15:59:29","Singapore","https://be.synxis.com/?_ga=2.121209928.134713431.1681832158-7687518.1681832158&adult=2&arrive=2023-05-13&chain=21615&child=0&currency=SGD&depart=2023-05-15&hotel=76624&level=hotel&locale=en-US&rooms=1","desktop","Chrome 112.0.0","Windows 10","57417a14-64b6-5b1e-801c-fca6f6efbe2c","IS THERE A FRIDGE IN THE ROOM",""
"19","36b404de","2023-04-18 15:26:02","Singapore","https://be.synxis.com/?_ga=2.94752602.792241180.1681831210-1147155430.1681831210&adult=2&arrive=2023-05-06&chain=21615&child=0&currency=SGD&depart=2023-05-07&hotel=76624&level=hotel&locale=en-US&rooms=1","desktop","Chrome 112.0.0","Windows 10","36b404de-335f-54f0-b780-ad7ba644803f","is there help to organise a birthday party?",""
"18","4a05212c","2023-04-13 07:04:39","Singapore","https://be.synxis.com/?_ga=2.114460292.222317501.1681368353-1856733093.1681368353&_gl=1*1uuxmjc*_ga*MTg1NjczMzA5My4xNjgxMzY4MzUz*_ga_17FEFTYEYR*MTY4MTM2ODM2MC4xLjEuMTY4MTM2ODk0Ny4wLjAuMA..*_ga_KHJQN8MFLN*MTY4MTM2ODM1OS4xLjEuMTY4MTM2ODk0Ny4wLjAuMA..&adult=1&arrive=2023-04-13&chain=21615&child=0&currency=SGD&depart=2023-04-14&hotel=76624&level=hotel&locale=en-US&promo=PROWKD&rooms=1","desktop","Chrome 112.0.0","Windows 10","4a05212c-573f-5418-8210-e0c7dfaab0cd","no available rooms on the preferred date",""
"17","b2f8f155","2023-04-12 09:14:35","Singapore","https://be.synxis.com/?adult=3&arrive=2023-05-22&chain=21615&child=0&currency=SGD&depart=2023-05-24&filter=META&gclid=CjwKCAjwitShBhA6EiwAq3RqA6gvUdBfcn4I34qad1c18nLrjpGLrcyvFgJETQOeUMwfjLF__tX6eRoCY5AQAvD_BwE&gclsrc=ds&hotel=76624&level=chain&locale=en-US&rooms=1&utm_campaign=MetaI/O&utm_content=SG&utm_medium=LocalUniversal&utm_source=GoogleHPA&wh_token=87ab1911-cd8f-4cf0-ac7c-d658a52ade0c-208663-332844","desktop","Chrome 112.0.0","Windows 10","b2f8f155-4480-5724-bff3-ecf6d741a54f","the trip schedule hasn't finalized",""
"16","1ba83cfa","2023-04-11 03:11:20","Singapore","https://be.synxis.com/?_ga=2.229345244.1167600338.1681182524-2017594004.1681182524&adult=3&arrive=2023-12-22&chain=21615&child=0&currency=SGD&depart=2023-12-24&hotel=76624&level=hotel&locale=en-US&rooms=1","desktop","Chrome 111.0.0","Windows 10","1ba83cfa-5db5-560e-8fdc-35ca25731cc8","Lack of pictures of the room",""
"15","4b453074","2023-04-09 11:08:55","Singapore","https://be.synxis.com/?_ga=2.130617480.60982881.1681038417-1172476578.1681038417&adult=2&arrive=2023-06-28&chain=21615&child=2&childages=|&currency=SGD&depart=2023-06-30&hotel=76624&level=hotel&locale=en-US&rooms=1","desktop","Chrome 111.0.0","Windows 10","4b453074-6064-51ff-bdb0-1b6380e81727","price",""
"14","dd28ef99","2023-04-09 05:36:09","Singapore","https://be.synxis.com/?_ga=2.137935026.307834710.1681018463-292926324.1681018463&adult=2&arrive=2023-05-13&chain=21615&child=0&currency=SGD&depart=2023-05-15&hotel=76624&level=hotel&locale=en-US&rooms=1","desktop","Chrome 112.0.0","Mac OS X 10.15.7","dd28ef99-3146-519d-a3b5-1e0519970860","member sign in",""
"13","903700e7","2023-04-06 12:33:03","Singapore","https://be.synxis.com/?adult=2&arrive=2023-05-16&chain=21615&child=0&config=meta&currency=SGD&depart=2023-05-17&filter=META&hotel=76624&level=hotel&locale=en-US&rooms=1&src=goog_organic&start=availresults&utm_campaign=google-hpa-76624&utm_content=mapresults_16-05-2023_1_76624_SG_desktop_default___organic&utm_medium=channel_connect&utm_source=google-hpa","desktop","Chrome 111.0.0","Windows 10","903700e7-2281-5726-a583-22e37e362be6","no 4 pax room",""
"12","2e6bf9e9","2023-04-06 07:03:07","India","https://be.synxis.com/?_ga=2.41437282.1789695135.1680764371-1361357612.1680764371&adult=2&arrive=2023-05-19&chain=21615&child=2&childages=5|8&currency=SGD&depart=2023-05-23&hotel=76624&level=hotel&locale=en-US&rooms=1","desktop","Chrome 111.0.0","Windows 10","2e6bf9e9-3cd8-57bc-9512-f80c22776cb1","we are 2 adults and 2 children",""
"11","0f16ac5c","2023-04-05 02:19:10","United States","https://be.synxis.com/?_ga=2.117589769.1867159208.1680660584-214080745.1680660584&adult=2&arrive=2023-06-26&chain=21615&child=0&currency=SGD&depart=2023-06-30&hotel=76624&level=hotel&locale=en-US&rooms=1","desktop","Chrome 111.0.0","Mac OS X 10.15.7","0f16ac5c-4bb7-51eb-aa53-ae7a13c5736a","Unsure of what is and is not included in the price",""
"10","cf1f5e52","2023-04-03 19:13:04","Japan","https://be.synxis.com/?adult=2&arrive=2023-05-24&chain=21615&child=0&currency=USD&depart=2023-05-27&filter=META&gclid=CJnPo4y1jv4CFYmFGwodz_gNqw&gclsrc=ds&hotel=76624&level=chain&locale=en-US&rate=ADV30,BFRRO&rooms=1&utm_campaign=MetaI/O&utm_content=SA&utm_medium=FBL&utm_source=GoogleHPA&wh_token=74f0f94a-1786-459e-8979-ba18e12f1aa2-208663-332844","desktop","Edge 111.0.1661","Windows 10","cf1f5e52-782e-5b63-bb7b-fcd554f21469","Hi , just want to check if the pool is heated in the Villa?",""
"9","40c8a2d4","2023-03-30 10:14:48","Singapore","https://be.synxis.com/?_ga=2.31889720.705229391.1680166473-821496862.1680166473&adult=2&arrive=2023-04-08&chain=21615&child=0&currency=SGD&depart=2023-04-09&hotel=76624&level=hotel&locale=en-US&rooms=1","desktop","Chrome 111.0.0","Windows 10","40c8a2d4-5e9a-5894-9d28-04707c7be5a0","bad reviews",""
"8","28afb559","2023-03-30 09:58:47","Japan","https://be.synxis.com/?_ga=2.120910030.719946807.1680169919-2009808490.1679810167&adult=3&arrive=2023-08-10&chain=21615&child=0&currency=SGD&depart=2023-08-12&hotel=76624&level=hotel&locale=en-US&rooms=1","desktop","Edge 111.0.1661","Windows 10","28afb559-2647-54ca-a594-1eac7d4a7e74","the number of beds",""
"7","a70173e5","2023-03-29 16:05:19","Singapore","https://be.synxis.com/?_ga=2.217558228.318894968.1680098485-645531819.1680098485&adult=2&arrive=2023-04-01&chain=21615&child=0&currency=SGD&depart=2023-04-02&hotel=76624&level=hotel&locale=en-US&rooms=1","desktop","Edge 111.0.1661","Windows 10","a70173e5-2a58-5139-967b-4f86036e861b","i have 2 adults 2 children, aged 6 and aged 2",""
"6","90066ba0","2023-03-28 09:42:54","Singapore","https://be.synxis.com/?_ga=2.55518123.1408626715.1679996015-349889077.1679996015&_gl=1*1clu60n*_ga*MzQ5ODg5MDc3LjE2Nzk5OTYwMTU.*_ga_KHJQN8MFLN*MTY3OTk5NjAxNS4xLjEuMTY3OTk5NjAzMi4wLjAuMA..*_ga_17FEFTYEYR*MTY3OTk5NjAxNS4xLjEuMTY3OTk5NjAzMi4wLjAuMA..&adult=1&arrive=2023-06-10&chain=21615&child=0&currency=SGD&depart=2023-06-12&hotel=76624&level=chain&locale=en-US&rooms=1","desktop","Chrome 111.0.0","Mac OS X 10.15.7","90066ba0-babd-5248-8a6b-1cdb44bf7383","cant see how the room can sleep 3 or more pax",""
"5","28294706","2023-03-26 01:33:05","Afghanistan","https://be.synxis.com/?_ga=2.123152779.162650242.1679793884-1955411996.1679793884&adult=1&arrive=2023-03-26&chain=21615&child=0&currency=SGD&depart=2023-03-27&hotel=76624&level=hotel&locale=en-US&rooms=1","desktop","Safari 16.0","Mac OS X 10.15.7","28294706-a9c8-5573-af36-3ee555860e95","does the deluxe room has twin bed available?",""
"4","59328404","2023-03-23 05:48:02","Singapore","https://be.synxis.com/?_ga=2.45175463.2037342688.1679549799-1585475760.1663637488&adult=1&arrive=2023-05-07&chain=21615&child=0&currency=SGD&depart=2023-05-09&hotel=76623&level=chain&locale=en-US&rooms=1&sbe_rc=ZWQ4Y2Y2MzAtN2M1My00YjMzLThmZTgtY2E4ODAxYmVhYjIz","desktop","Chrome 111.0.0","Windows 10","59328404-6cfd-5eda-9757-6d1e34ca6345","how to add breakfast under member",""
"3","05907b61","2023-03-21 21:37:01","Greece","https://be.synxis.com/?adult=1&arrive=2023-03-22&chain=21615&child=0&currency=THB&depart=2023-03-23&hotel=76621&level=hotel&locale=en-US&rooms=1","desktop","Chrome 111.0.0","Mac OS X 10.15.7","05907b61-a4fb-5d1a-beee-a7a30ecd5779","wrong room type",""
"2","7397ddbf","2023-03-21 20:28:25","United States","https://be.synxis.com/?_ga=2.77865556.1389337237.1679427683-768168479.1678771375&adult=3&arrive=2023-03-31&chain=21615&child=0&currency=SGD&depart=2023-04-03&hotel=76623&level=chain&locale=en-US&rooms=1","desktop","Chrome 111.0.0","Windows 10","7397ddbf-920f-50aa-9ab6-9c2e2678de3e","cant figure out why a 12 year old is an adult - 12 year olds are still kids....15 years old I can see but not 12",""
